state,row,col,passenger,destination,q0,q1,q2,q3,q4,q5,cluster
0,0,0,0,0,0.0,0.0,0.0,0.0,0.0,0.0,1
1,0,0,0,1,-2.2995158158663913,-2.28967382593526,-2.2855107904556347,-2.2929522281181605,-2.273251840000004,-4.3015914520943985,4
2,0,0,0,2,-1.7909700762437768,-1.7422794239264436,-1.808499613297869,-1.7489473974704153,-0.7504000000000046,-5.936244026153996,4
3,0,0,0,3,-2.1541045226675832,-2.170102290160382,-2.1594041760245206,-2.1593852122296204,-2.1220864000000033,-4.25629721536001,4
4,0,0,1,0,-2.493959880540554,-2.4940048306912903,-2.4941292485846915,-2.4941148102283783,-9.456637457304378,-8.435826087387323,3
5,0,0,1,1,0.0,0.0,0.0,0.0,0.0,0.0,1
6,0,0,1,2,-2.4940059665778604,-2.493993035630404,-2.493990643820192,-2.493952357607937,-6.0959877382985415,-8.217145968265552,3
7,0,0,1,3,-2.4769977583599223,-2.477542271252892,-2.4772291013641516,-2.4770774353859086,-5.975194284098674,-7.2329621070383725,0
8,0,0,2,0,-2.273492693879961,-2.2794954093587814,-2.2864563125322057,-2.282332339846735,-4.279393826749564,-4.839268544469632,0
9,0,0,2,1,-2.4702740067529607,-2.4706823134536156,-2.4706736475029905,-2.47112698089046,-5.860202847499629,-5.953138910375357,0
10,0,0,2,2,0.0,0.0,0.0,0.0,0.0,0.0,1
11,0,0,2,3,-2.450443651483959,-2.450502727953874,-2.452488147582059,-2.4509666372822,-3.517769329715405,-5.295528950567656,0
12,0,0,3,0,-2.4864234726648298,-2.4864973516967903,-2.486543860172467,-2.486414098180559,-7.336131955652768,-6.85803767000215,3
13,0,0,3,1,-2.4651274981531253,-2.4649024614768207,-2.4647718819448943,-2.465576247552522,-5.0111066134902815,-8.174125535310125,0
14,0,0,3,2,-2.4843776880107296,-2.48401180600022,-2.483971149529825,-2.4840517662824153,-8.386673523925182,-6.5232858041958295,3
15,0,0,3,3,0.0,0.0,0.0,0.0,0.0,0.0,1
16,0,0,4,0,0.5291577775999988,2.089951419480772,-0.05074144000000064,2.0089999999999986,0.37999999999910067,19.999999999999986,2
17,0,0,4,1,-2.1220864000000033,-2.1567845664827514,-2.1509838128279855,-2.1458205741799765,-6.807998292585146,-2.1735437048285675,4
18,0,0,4,2,0.41599999999999304,-1.301733140222766,-1.4299675478434577,-1.346278266127713,-2.7615556876214766,-1.3983462956497688,4
19,0,0,4,3,-1.870144000000003,-1.9605177737745518,-1.9316812317862107,-1.9459806548534453,-8.118603708334312,-1.986383508113046,0
20,0,1,0,0,0.0,0.0,0.0,0.0,0.0,0.0,1
21,0,1,0,1,-2.367078176648235,-2.3742152424191914,-2.372115432528311,-2.3639511039952255,-8.422839975911696,-8.360629319495732,3
22,0,1,0,2,-1.9369432052470779,-1.9471499485161536,-1.9460544928430952,-1.455596539293166,-4.312803221731935,-3.577928795684227,4
23,0,1,0,3,-2.28204014859237,-2.2977390644448463,-2.2751241810283735,-2.2732518399985433,-4.215379326671078,-2.795361497942785,4
24,0,1,1,0,-2.4931755852721182,-2.493219245113548,-2.4932040893881573,-2.4932270259872977,-8.118009735305044,-9.669103947087118,3
25,0,1,1,1,0.0,0.0,0.0,0.0,0.0,0.0,1
26,0,1,1,2,-2.4931339385436266,-2.493247010436546,-2.493314772425844,-2.4931895999643867,-6.9482791344818855,-5.4828837946579245,0
27,0,1,1,3,-2.4700990488825254,-2.4702417138269723,-2.4701618198997397,-2.471374920146229,-8.51931561168207,-4.92236188643474,0
28,0,1,2,0,-2.3518299888528382,-2.354382191358485,-2.3559732111461114,-2.350927102116925,-4.881980587936203,-5.342972496575445,0
29,0,1,2,1,-2.476438676268519,-2.4760710217028166,-2.476699264113903,-2.476321802411864,-7.010497289955236,-7.605802134839373,3
30,0,1,2,2,0.0,0.0,0.0,0.0,0.0,0.0,1
31,0,1,2,3,-2.4603042400387563,-2.4608353922119686,-2.4615285535588614,-2.461007356065372,-6.820386494477993,-8.293848996739161,3
32,0,1,3,0,-2.482099485229047,-2.4821727009974284,-2.4823132489216,-2.4828699868818105,-6.428151918550325,-8.33596082015784,3
33,0,1,3,1,-2.450814614392228,-2.4521823993369742,-2.451673188544342,-2.4521213173341025,-8.876021835662238,-8.217665089390932,3
34,0,1,3,2,-2.4813851322937706,-2.4819981307436247,-2.4819195849975753,-2.481744328528153,-7.245283208644494,-5.603512150873226,0
35,0,1,3,3,0.0,0.0,0.0,0.0,0.0,0.0,1
36,0,1,4,0,-0.1,-0.1,-0.1,3.158292799999994,-1.0,0.0,1
37,0,1,4,1,-1.9771265061599808,-1.9912339803246875,-1.9875024912684336,-1.989454719180215,-7.913565360773846,-5.377958302702271,0
38,0,1,4,2,-1.2732944493064273,-1.2877718494239394,-1.300991661568447,-1.2022925529525883,-2.7467872093600003,-4.73554780936,4
39,0,1,4,3,-1.6441827979080899,-1.6669378577010199,-1.687894781802897,-1.6983708051382633,-4.244549494677153,-4.22337827617401,4
40,0,2,0,0,0.0,0.0,0.0,0.0,0.0,0.0,1
41,0,2,0,1,-2.489289735575159,-2.4896713412499594,-2.4898618229918474,-2.489342899492505,-8.216626045337486,-9.231220482381232,3
42,0,2,0,2,-2.418297351835677,-2.419865797694224,-2.4191308045057975,-2.41838580552035,-5.49973791627156,-5.51413785686127,0
43,0,2,0,3,-2.4820889441364846,-2.4824690929095015,-2.4820750932696365,-2.482580444770713,-5.614442103486967,-5.533378476733056,0
44,0,2,1,0,-2.4254491020144933,-2.4186533784532807,-2.418370660708457,-2.4193465059710437,-6.141038406909259,-8.912223172873562,3
45,0,2,1,1,0.0,0.0,0.0,0.0,0.0,0.0,1
46,0,2,1,2,-2.4218903574353163,-2.4184760964161294,-2.4183706450336766,-2.424544626631845,-7.017392608079546,-6.424990116136092,0
47,0,2,1,3,-2.2195868996565604,-2.210605212560366,-2.130752549957103,-2.2176339670314635,-5.3673095708747995,-5.557802130607641,0
48,0,2,2,0,-2.4182783142361135,-2.4205342699367494,-2.4196491307457677,-2.4185211068673946,-4.942454082596469,-5.4368961819615045,0
49,0,2,2,1,-2.489375455820268,-2.489374994671241,-2.489810701859308,-2.489665580579438,-5.5341519335025176,-7.051038089024614,0
50,0,2,2,2,0.0,0.0,0.0,0.0,0.0,0.0,1
51,0,2,2,3,-2.4823399754572075,-2.4823681384894627,-2.4833704993897525,-2.4825799554165946,-6.0103512425966485,-7.890539433209334,3
52,0,2,3,0,-2.466122264140574,-2.466434296329523,-2.4660379069581158,-2.4667574509728643,-7.142242739767156,-7.32580613381178,3
53,0,2,3,1,-2.4064981347587278,-2.40822672082419,-2.4056928258456742,-2.406913078252273,-8.58737579296926,-4.848420403357487,0
54,0,2,3,2,-2.4648056894247805,-2.465014154189774,-2.46505448113827,-2.465166655136845,-6.952825762445923,-8.389849165868837,3
55,0,2,3,3,0.0,0.0,0.0,0.0,0.0,0.0,1
56,0,2,4,0,-1.793664722129287,-1.8194211067520099,-1.8179457084310815,-1.8211888441370698,-5.917250681364837,-2.803907006803326,4
57,0,2,4,1,-0.2878,-0.196,-0.14253563844396883,-0.196,-1.0,-1.0,1
58,0,2,4,2,-1.728474367396319,-1.7619319598984209,-1.7567164081997761,-1.7652363209421031,-2.716,-2.8502162356175162,4
59,0,2,4,3,-1.0954750186061575,-1.0846404605682374,-1.1280058429480047,-1.08719755708998,-2.732729776,-1.96,4
60,0,3,0,0,0.0,0.0,0.0,0.0,0.0,0.0,1
61,0,3,0,1,-2.4923549614594585,-2.4926200952122866,-2.4925498658485603,-2.4924376561430446,-7.198568692971896,-5.973519154018247,0
62,0,3,0,2,-2.4461838575523167,-2.4476018796058217,-2.445861285948417,-2.446139634382361,-7.171985297619915,-5.479540005075121,0
63,0,3,0,3,-2.4871709632851595,-2.487385601603201,-2.487428628725443,-2.4872681626717674,-4.213590782925847,-6.565220573120687,0
64,0,3,1,0,-2.3755074157801657,-2.3737652983749875,-2.3639511040000043,-2.375686939892569,-6.951885645125954,-4.878535172873544,0
65,0,3,1,1,0.0,0.0,0.0,0.0,0.0,0.0,1
66,0,3,1,2,-2.3719108440872034,-2.3696321594114353,-2.3639511040000043,-2.3672004688666184,-6.930093559432495,-3.562638691481488,0
67,0,3,1,3,-2.1039411598755358,-2.096611148328553,-1.870361047070871,-2.1081719370569862,-6.439486680784782,-6.447933199683148,0
68,0,3,2,0,-2.4470073358025117,-2.4480233201584074,-2.4479088021518414,-2.4472456532059472,-5.4486732810220975,-4.9656970383368355,0
69,0,3,2,1,-2.4926469611635738,-2.4925894958964316,-2.492729865885755,-2.4926659642909517,-6.644567045358797,-6.100274825473579,0
70,0,3,2,2,0.0,0.0,0.0,0.0,0.0,0.0,1
71,0,3,2,3,-2.4884757384690652,-2.4884761993884754,-2.48886541898599,-2.488544328964722,-8.888773868830887,-8.965285843553605,3
72,0,3,3,0,-2.450963818298719,-2.452088480208676,-2.4517849937038525,-2.4531491271548735,-6.996630341118755,-5.595591615843402,0
73,0,3,3,1,-2.36375282843029,-2.365466648544349,-2.370102455121512,-2.364702095612853,-8.017598697662834,-8.21994997720894,3
74,0,3,3,2,-2.450816821935359,-2.452492322889441,-2.451860064928815,-2.451576085114787,-7.627056192850787,-2.8541548872636486,0
75,0,3,3,3,0.0,0.0,0.0,0.0,0.0,0.0,1
76,0,3,4,0,-1.870144000000003,-2.0190323952420317,-2.0463854316224332,-2.010149547153907,-5.397928131200132,-6.015644697795797,0
77,0,3,4,1,-0.20244904,-0.1,6.081574347745053,0.0,0.0,-1.9,1
78,0,3,4,2,-1.870144000000003,-1.9468900471779342,-1.9882302686296176,-1.9497930057206199,-4.9557622828183865,-5.450866151048637,0
79,0,3,4,3,-0.8480961434033656,-1.1956046484596876,-1.1959145315301787,-1.195045203172525,-2.77461711399844,-2.82230954338657,4
80,0,4,0,0,0.0,0.0,0.0,0.0,0.0,0.0,1
81,0,4,0,1,-2.4938088596962955,-2.493750937679153,-2.4937106001249445,-2.493706361724491,-6.676823258036165,-5.922114179514654,0
82,0,4,0,2,-2.4607577540291565,-2.460895397824446,-2.4610589544015053,-2.4602934437086343,-6.883149994034363,-4.926476197364426,0
83,0,4,0,3,-2.489064984753658,-2.488958803916114,-2.488919027176767,-2.4890772757648802,-6.696158411496012,-5.517583232403341,0
84,0,4,1,0,-2.3165129509688085,-2.3084956299930646,-2.312219064180619,-2.330722681737865,-2.273251840000004,-8.788416255521314,0
85,0,4,1,1,0.0,0.0,0.0,0.0,0.0,0.0,1
86,0,4,1,2,-2.3414590594738844,-2.296005848451004,-2.309975238431644,-2.3069624340269947,-2.273251840000004,-7.810371788766175,0
87,0,4,1,3,-1.9785475063279683,-1.907974368773888,-1.9215838776825174,-1.915145109326206,-1.4502400000000035,-7.374204892848579,4
88,0,4,2,0,-2.463392016956716,-2.463791930019337,-2.463995458805872,-2.4629588759544263,-4.953966632231182,-5.395474796279645,0
89,0,4,2,1,-2.4938644819089584,-2.4940324001016823,-2.494016851976206,-2.494024355353778,-7.927449052795545,-8.294378994384273,3
90,0,4,2,2,0.0,0.0,0.0,0.0,0.0,0.0,1
91,0,4,2,3,-2.491022003469473,-2.4912223863571583,-2.4911884130381114,-2.491150247737169,-8.552193991857637,-8.373851795086205,3
92,0,4,3,0,-2.459876727607269,-2.460883256387059,-2.4604971208536597,-2.4608540017694667,-4.247469304925378,-7.853707842405188,0
93,0,4,3,1,-2.4023736029054845,-2.4034818784131424,-2.4040883007322513,-2.40315361787464,-8.395583249765487,-5.51884345373339,3
94,0,4,3,2,-2.4626498461608555,-2.462595775595895,-2.463175578944202,-2.4631003937931615,-6.039473926513734,-7.195493510645646,0
95,0,4,3,3,0.0,0.0,0.0,0.0,0.0,0.0,1
96,0,4,4,0,-2.178260446920583,-2.1851421651580623,-2.204059908031416,-2.1220864000000033,-7.381205125243852,-2.242547498409929,0
97,0,4,4,1,2.1757130605999957,5.108366549062763,3.7828999999999975,0.6067919503416851,-1.2687289538310238,19.999999999999986,2
98,0,4,4,2,-2.1447160996771175,-2.1760154118233106,-2.1692480529794183,-2.1220864000000033,-5.413541420904101,-2.185405034279628,4
99,0,4,4,3,-0.7504000000000046,-1.5939648244034172,-1.5577466297262381,-1.5655253858396758,-7.8061004277413435,-1.6070400939708467,4
100,1,0,0,0,0.0,0.0,0.0,0.0,0.0,0.0,1
101,1,0,0,1,-2.372008102679554,-2.3639511040000043,-2.368374548217918,-2.3730317590733,-7.30912175247666,-8.430736966220108,3
102,1,0,0,2,-1.9775692043624242,-1.4502400000000035,-1.988202978030191,-1.970945293658817,-5.543549905493888,-6.414036222165873,0
103,1,0,0,3,-2.309951954594707,-2.273251840000004,-2.297025048888366,-2.2910509007952538,-5.582858847092966,-7.136217198938007,0
104,1,0,1,0,-2.4923184385846793,-2.492414906857156,-2.492439952124634,-2.492556607381097,-8.59709121677925,-6.479010874165633,3
105,1,0,1,1,0.0,0.0,0.0,0.0,0.0,0.0,1
106,1,0,1,2,-2.4925468229887513,-2.492782553741406,-2.4924794509668144,-2.4926706307691946,-5.842857698449424,-6.511588084844118,0
107,1,0,1,3,-2.468950983888813,-2.469581043079459,-2.4688789484294857,-2.469258438691418,-6.925682051873627,-5.424501074865551,0
108,1,0,2,0,-2.122110334794682,-2.225196785632712,-2.2334706947024965,-2.224155773368015,-7.271075651883864,-6.298953342773345,0
109,1,0,2,1,-2.451021612440329,-2.453895265518188,-2.4517911225254707,-2.451994901917589,-8.118867841504697,-5.4700652811664785,0
110,1,0,2,2,0.0,0.0,0.0,0.0,0.0,0.0,1
111,1,0,2,3,-2.41837105945403,-2.421291083051926,-2.4219186315891124,-2.419694782288335,-8.394662323256975,-8.472564168034245,3
112,1,0,3,0,-2.481256156362247,-2.481355065579276,-2.4813465316561714,-2.481345853431564,-5.329495617454423,-6.499766398026894,0
113,1,0,3,1,-2.4486728879399022,-2.4501211309305564,-2.4488631394275604,-2.4489699347168292,-7.388912711162515,-8.71431975320035,3
114,1,0,3,2,-2.480496963082329,-2.4803920651995925,-2.480535278778585,-2.4810988710735224,-4.943058688481446,-6.427635615359684,0
115,1,0,3,3,0.0,0.0,0.0,0.0,0.0,0.0,1
116,1,0,4,0,0.2846934142399983,10.999999999999982,-0.2566876554390377,1.7321867775913216,-2.3108740000000036,-1.8253600000000039,1
117,1,0,4,1,-1.870144000000003,-1.9830109745812547,-1.9424242117502455,-1.9648469717339403,-4.847289856,-4.409688838206432,4
118,1,0,4,2,2.3599999999999888,-0.9720670347748213,-1.111425159707728,-0.7019916547963126,-3.6105867907044606,-5.015388533921674,4
119,1,0,4,3,-1.4502400000000035,-1.6441419508034587,-1.6198423749880124,-1.7099883103720397,-4.922493352613361,-6.457965265930821,0
120,1,1,0,0,0.0,0.0,0.0,0.0,0.0,0.0,1
121,1,1,0,1,-2.4201629696175466,-2.418370661703172,-2.420050239337546,-2.4183706616495244,-8.207941150268898,-9.719727936389205,3
122,1,1,0,2,-2.1070694109390296,-2.0670536106213917,-2.10123019356198,-1.870144000000003,-5.950050243409661,-6.331015402173982,0
123,1,1,0,3,-2.3695930102786655,-2.3639511036988186,-2.366701535033491,-2.3639511037183656,-4.954113831872435,-5.515975735660595,0
124,1,1,1,0,-2.4894019622852666,-2.4894926934799715,-2.48980081526496,-2.489777211084006,-8.790300777035187,-7.292436868842966,3
125,1,1,1,1,0.0,0.0,0.0,0.0,0.0,0.0,1
126,1,1,1,2,-2.4894061772740828,-2.4896516488999145,-2.489430736847489,-2.4898832701843854,-6.895736579236863,-5.945922879991134,0
127,1,1,1,3,-2.4510216285473745,-2.4534054720928453,-2.4516177325678634,-2.451966967155254,-7.446748409490441,-7.894772472521541,3
128,1,1,2,0,-2.2732455414724875,-2.277409484894596,-2.2773011570785884,-2.2756101119758063,-3.606288853397131,-4.185940523281612,4
129,1,1,2,1,-2.4686245598231555,-2.46995199788294,-2.4691896625795557,-2.4687808755585037,-7.299876790606875,-5.954540839301126,0
130,1,1,2,2,0.0,0.0,0.0,0.0,0.0,0.0,1
131,1,1,2,3,-2.447564031952338,-2.4495251732398398,-2.4488172616627915,-2.447705202707193,-7.758199986618647,-6.43713385427531,3
132,1,1,3,0,-2.470611725281799,-2.470944830183622,-2.4708611200401176,-2.4732794378011973,-9.414486518227399,-8.10978970555783,3
133,1,1,3,1,-2.4183709079011653,-2.422911236052961,-2.421247986692447,-2.4251249403259214,-7.3211552770957455,-7.261467666265361,3
134,1,1,3,2,-2.4706099004118784,-2.4722922148346633,-2.471498190815629,-2.4712818831378733,-6.711875514747947,-8.656372185877437,3
135,1,1,3,3,0.0,0.0,0.0,0.0,0.0,0.0,1
136,1,1,4,0,-0.28312504000000005,-0.26980000000000004,-0.370714358464,1.8002649484709432,-1.0,-1.9114,1
137,1,1,4,1,-1.5265079747159727,-1.80628335273622,-1.7929001558471185,-1.7810252741650074,-5.366222935613338,-4.135588,4
138,1,1,4,2,-0.6907319277712332,-1.1274750052098428,-1.1447840503477273,-1.1117473077315025,-5.808412927020135,-5.243551000000001,4
139,1,1,4,3,-0.8804346107772478,-1.4401196615840803,-1.4297443646179064,-1.4209012233504619,-1.96,-2.7808414142635343,4
140,1,2,0,0,0.0,0.0,0.0,0.0,0.0,0.0,1
141,1,2,0,1,-2.4823678154808912,-2.483220991633137,-2.4842529709032273,-2.482543527044837,-4.892010183311842,-7.334338373675643,0
142,1,2,0,2,-2.363951387585577,-2.377418425877115,-2.382323358201245,-2.377546879249381,-7.728657810772041,-7.234419423285109,3
143,1,2,0,3,-2.4706132875553086,-2.4709590093213185,-2.471422915250407,-2.470631269095812,-6.566076550049211,-5.537451893915356,0
144,1,2,1,0,-2.451370446133527,-2.4510218845099137,-2.451021921864961,-2.452080513238041,-5.003781730301599,-8.069796762108929,0
145,1,2,1,1,0.0,0.0,0.0,0.0,0.0,0.0,1
146,1,2,1,2,-2.4567168141880837,-2.4510212715524164,-2.451021253252597,-2.4519787101295742,-5.9443195341339345,-4.902756636530796,0
147,1,2,1,3,-2.291017537717656,-2.2895292746731664,-2.2740959564473666,-2.2914308814260944,-6.2936519136228615,-6.755570551711207,0
148,1,2,2,0,-2.3639512693880196,-2.388758207804847,-2.3834799400048983,-2.382669210823835,-6.47039467743559,-5.534615510642422,0
149,1,2,2,1,-2.482368032022256,-2.483425513826808,-2.48326177911145,-2.4827105596755725,-7.875154614398144,-6.922382349631581,3
150,1,2,2,2,0.0,0.0,0.0,0.0,0.0,0.0,1
151,1,2,2,3,-2.4706134387229257,-2.47063678471917,-2.471172783193173,-2.470619769501767,-8.46475016501801,-8.056698203846198,3
152,1,2,3,0,-2.44940937391341,-2.450320788335257,-2.449382448084723,-2.4511588186696214,-5.967405715253834,-4.819644031350597,0
153,1,2,3,1,-2.359275083507897,-2.3623858538647,-2.3595484853341717,-2.3598296743347875,-8.025740692078427,-7.43958563335933,3
154,1,2,3,2,-2.4487984575865696,-2.4517235143590472,-2.448893394998223,-2.449130345403356,-5.471045641027021,-7.945953426940999,0
155,1,2,3,3,0.0,0.0,0.0,0.0,0.0,0.0,1
156,1,2,4,0,-1.0282346750430846,-1.6372726718927184,-1.6431889320726876,-1.630639768524537,-4.704318160000001,-4.79068348999214,4
157,1,2,4,1,-0.5880752276284036,-0.537502834816,0.14161196379242147,-0.54310552576,-1.9060000000000001,-1.9060000000000001,1
158,1,2,4,2,-0.9394775005071397,-1.560710006722678,-1.5470094290717804,-1.578958222987971,-4.210172387238731,-5.301092417995896,4
159,1,2,4,3,-0.46414745497271875,-0.9957760009710249,-0.9451641493391302,-0.9675088339899034,-3.4818837795049986,-2.740894,4
160,1,3,0,0,0.0,0.0,0.0,0.0,0.0,0.0,1
161,1,3,0,1,-2.4891653558482454,-2.4895503047154257,-2.4892521210845793,-2.4891462772557236,-7.702608125697925,-7.0224713522884175,3
162,1,3,0,2,-2.4179035515336165,-2.4188458835200333,-2.4196663959747666,-2.4179377615047053,-2.790289760155469,-5.550193835232254,4
163,1,3,0,3,-2.4819472864709087,-2.4824535362688698,-2.482784747735476,-2.481932413581586,-4.3736109671100705,-5.4080413349423715,0
164,1,3,1,0,-2.419463353027111,-2.4183706539909653,-2.418370653271583,-2.4184252120529255,-7.810389596496843,-6.064484350267173,3
165,1,3,1,1,0.0,0.0,0.0,0.0,0.0,0.0,1
166,1,3,1,2,-2.4192822932296134,-2.418370614100681,-2.418370616443491,-2.4199469256419643,-6.880184193892907,-4.998712522478606,0
167,1,3,1,3,-2.2221561574240614,-2.192316435977927,-2.1220864000000033,-2.199393414082842,-3.5171127416608,-2.8452974264819524,4
168,1,3,2,0,-2.4180612648860276,-2.421802269304239,-2.4223842353191114,-2.418047788031267,-4.322806918069251,-5.8987282000403765,0
169,1,3,2,1,-2.489243403745882,-2.4895037926131396,-2.4897864022098575,-2.489246640578497,-7.512703330100372,-6.4822663820987225,3
170,1,3,2,2,0.0,0.0,0.0,0.0,0.0,0.0,1
171,1,3,2,3,-2.482186497076095,-2.4824271086430088,-2.4831957094415813,-2.482184793123823,-7.24413348844385,-8.82257066346089,3
172,1,3,3,0,-2.4183706561223564,-2.421651189286708,-2.418454349904841,-2.4225359517238867,-5.434620083091541,-7.468286388394978,0
173,1,3,3,1,-2.27325194087488,-2.295893262468299,-2.310165981523932,-2.293731981359718,-5.533032862684773,-7.146890328410631,0
174,1,3,3,2,-2.418370648328463,-2.4218277173612557,-2.420265391215489,-2.4211419540388923,-5.944021633490617,-7.891604212314859,3
175,1,3,3,3,0.0,0.0,0.0,0.0,0.0,0.0,1
176,1,3,4,0,-1.4502400000000035,-1.869313205315445,-1.9284403749403831,-1.8041066732107196,-5.969470851143291,-4.84509943969216,0
177,1,3,4,1,-0.310223213728,-0.297782152,4.742477690376872,-0.2936356,-1.0,-1.0,1
178,1,3,4,2,-1.4502400000000035,-1.8240053235996183,-1.8193713052761735,-1.727766668640882,-5.872959275291083,-5.947723568461655,0
179,1,3,4,3,2.3599999999999888,-0.8862246653643685,-0.8666307190325183,-1.0856911224749362,-1.9120840000000001,-2.74878505168,1
180,1,4,0,0,0.0,0.0,0.0,0.0,0.0,0.0,1
181,1,4,0,1,-2.4924986970260266,-2.4925370519802716,-2.4926212335158215,-2.4924125428991113,-6.034435901148279,-5.534882370471721,0
182,1,4,0,2,-2.447909969163139,-2.4476360465235376,-2.4479566985972356,-2.447574393236923,-8.328150075899506,-4.85523784715055,0
183,1,4,0,3,-2.4871279775876154,-2.487457773832797,-2.4874533811731556,-2.4871898978095732,-7.1708157537226676,-4.9797994138454,0
184,1,4,1,0,-2.377485253617315,-2.3639511040000043,-2.3876901716384085,-2.3870260723682204,-5.5240717060992734,-6.404744334729891,0
185,1,4,1,1,0.0,0.0,0.0,0.0,0.0,0.0,1
186,1,4,1,2,-2.3846889014937025,-2.3639511040000043,-2.3670495725926446,-2.3788916322265234,-6.481058719602667,-7.948639608065059,3
187,1,4,1,3,-2.125838037803954,-1.870144000000003,-2.116410769302079,-2.149804947702125,-6.95323696740436,-5.889095341971425,0
188,1,4,2,0,-2.448436676301197,-2.4484527387303965,-2.449341082917918,-2.4485022247948414,-6.939897125575465,-5.3748858927611325,0
189,1,4,2,1,-2.492581180095813,-2.4927553346856817,-2.4926332854727717,-2.492601091852019,-5.633818949994787,-8.285691017391763,3
190,1,4,2,2,0.0,0.0,0.0,0.0,0.0,0.0,1
191,1,4,2,3,-2.4881132685010905,-2.4881577307386062,-2.4883281778826456,-2.488199883000881,-8.311729173036309,-6.056919482799632,3
192,1,4,3,0,-2.4460335454055517,-2.44623028722726,-2.447339174334558,-2.446242245626058,-5.848330143223729,-6.37153431230903,0
193,1,4,3,1,-2.3578910594130775,-2.357781472125712,-2.36085544025994,-2.3574408496045116,-7.1643551530272855,-7.259631874678132,3
194,1,4,3,2,-2.447863767022403,-2.447974825588266,-2.448181625234702,-2.448176271402349,-7.012599359672041,-8.091986221637576,3
195,1,4,3,3,0.0,0.0,0.0,0.0,0.0,0.0,1
196,1,4,4,0,-2.0033702527716635,-2.0084659798113718,-2.0216357878288367,-1.9359348021808145,-4.245196319037847,-4.370700871781076,4
197,1,4,4,1,1.2572462982915922,10.999999999999982,1.3747159999999972,0.27194381392395395,-3.2955769875549246,-1.650400000000003,1
198,1,4,4,2,-1.9479277334578255,-1.9704738183373096,-1.9614613917145365,-1.8997258484550614,-3.5065267914984064,-3.5079096124608427,4
199,1,4,4,3,-1.0203992821146646,-1.1677954480887638,-1.0594646075539473,0.41599999999999304,-1.93649042351104,-3.42493504000044,4
200,2,0,0,0,0.0,0.0,0.0,0.0,0.0,0.0,1
201,2,0,0,1,-2.4203636604171876,-2.4183706623999885,-2.4205279358558403,-2.421421973841744,-8.03000910306274,-7.847663358769579,3
202,2,0,0,2,-2.116591770275221,-1.8702046171504414,-2.1205247234496314,-2.1260253891586456,-5.7910679790006405,-6.461283181939584,0
203,2,0,0,3,-2.366537784882497,-2.3639511039999963,-2.372119017206825,-2.377146732270215,-4.26202330624,-4.314773464391613,4
204,2,0,1,0,-2.4898140644560764,-2.489674812102633,-2.4894114088476456,-2.4899763046342875,-9.11924156942532,-9.195106618766502,3
205,2,0,1,1,0.0,0.0,0.0,0.0,0.0,0.0,1
206,2,0,1,2,-2.4899616329314895,-2.4896794174514,-2.4894082422038317,-2.489555705470395,-6.83981076920379,-7.5898307504904565,3
207,2,0,1,3,-2.4522810170643297,-2.4524686057882605,-2.4510217318546825,-2.4535522210391694,-5.369160179017888,-4.217065062440697,0
208,2,0,2,0,-1.870144000000003,-2.1718392338745054,-2.1464000945381687,-2.1407021687830574,-4.255347249292564,-5.025714095912264,4
209,2,0,2,1,-2.4183706624000045,-2.428693257089567,-2.4338847208613448,-2.429829408793155,-7.136336595553594,-8.035624089782015,3
210,2,0,2,2,0.0,0.0,0.0,0.0,0.0,0.0,1
211,2,0,2,3,-2.3639511040000043,-2.391412089533997,-2.391045188313928,-2.392699527802216,-7.103021370969801,-7.693782968236065,3
212,2,0,3,0,-2.4707626325235528,-2.4713265102819615,-2.4706128746983658,-2.471432363044984,-6.712929939213674,-8.346642067512526,3
213,2,0,3,1,-2.4214945442803013,-2.42355190792666,-2.418370788099677,-2.4216027492330086,-4.3050795662744035,-8.147796210087819,0
214,2,0,3,2,-2.4718244216769123,-2.471642063790946,-2.470612944627649,-2.471667245163402,-7.3453471206645915,-8.068267800257566,3
215,2,0,3,3,0.0,0.0,0.0,0.0,0.0,0.0,1
216,2,0,4,0,-0.2170940302955669,5.599999999999985,-0.24528084673109862,0.8198789617574702,-4.955800009376887,-3.5340226000000037,4
217,2,0,4,1,-1.848491077937022,-1.902333284327101,-1.4502400000000035,-1.8086359240871874,-6.966897403361081,-6.404746082393298,0
218,2,0,4,2,5.599999999999985,-0.23756413023168332,-0.24850256021395334,0.36017139098913975,-4.957034727084673,-3.5373878995101227,4
219,2,0,4,3,-1.5657549966595437,-1.6363457254543965,-0.7504000000000046,-1.5049483340586098,-5.868858609660918,-4.2479270722859095,4
220,2,1,0,0,0.0,0.0,0.0,0.0,0.0,0.0,1
221,2,1,0,1,-2.4530478212376816,-2.45102239633096,-2.4531930062860394,-2.451022396433436,-6.47490421443818,-7.99420639750551,3
222,2,1,0,2,-2.2389186878302416,-2.1220864000000033,-2.2685132779804875,-2.219071296539954,-5.963145867849813,-5.34797444024512,0
223,2,1,0,3,-2.419354267236514,-2.4183706620083933,-2.42548305226451,-2.4183706620261955,-4.440495014366986,-5.880756501721687,0
224,2,1,1,0,-2.4832687996321225,-2.483352934744219,-2.4823670647630722,-2.4823743501645112,-7.919059284169098,-8.352645033886622,3
225,2,1,1,1,0.0,0.0,0.0,0.0,0.0,0.0,1
226,2,1,1,2,-2.4830600475123075,-2.4825033455338397,-2.4823661670733324,-2.4838327002246143,-8.208237387297773,-7.24637951463855,3
227,2,1,1,3,-2.4215247908443107,-2.4217085886017173,-2.4183706624003247,-2.4204024907517843,-7.581808575975142,-8.10194407956359,3
228,2,1,2,0,-2.266100474022291,-2.2623714574922884,-2.280879224698111,-2.1220864000000033,-6.457340320656325,-3.518492584806409,0
229,2,1,2,1,-2.4590178580250175,-2.454498676778198,-2.457861125869886,-2.4510223974400045,-9.106484414077721,-8.01894582239222,3
230,2,1,2,2,0.0,0.0,0.0,0.0,0.0,0.0,1
231,2,1,2,3,-2.431510201167507,-2.4295460818799124,-2.432112434070661,-2.4183706624000045,-7.7287189889131325,-7.673687681049044,3
232,2,1,3,0,-2.451845883063979,-2.4536297593403518,-2.4510223974405254,-2.453002105760698,-9.476578507134839,-8.133873406990151,3
233,2,1,3,1,-2.394467669607789,-2.4051451024211223,-2.3639511040001504,-2.3907331251703643,-7.539816056172746,-7.6604739062557545,3
234,2,1,3,2,-2.4570905659148865,-2.4546939065988487,-2.4510223974442438,-2.456623651282542,-5.524131418482717,-5.403319448186228,0
235,2,1,3,3,0.0,0.0,0.0,0.0,0.0,0.0,1
236,2,1,4,0,-0.9389241619344638,-0.7457651879861829,-0.7977600463142276,2.3599999999999888,-3.3283659490563955,-2.5741434400000007,4
237,2,1,4,1,-1.574129507050164,-1.6048206446781537,-0.7504000000000046,-1.547951350771843,-4.878426551851865,-5.854247060346365,0
238,2,1,4,2,-1.0908704227349624,-1.083573447743158,-0.9896903413885075,2.3599999999999888,-4.434751519547138,-4.759910407744909,4
239,2,1,4,3,-1.2164877953539937,-1.364244483264944,0.41599999999999304,-1.190497478900973,-5.2476548616214735,-5.178762631999334,4
240,2,2,0,0,0.0,0.0,0.0,0.0,0.0,0.0,1
241,2,2,0,1,-2.4712537163480945,-2.473415341480017,-2.4711501883695983,-2.470613437289924,-5.893276892468551,-8.841926269381375,3
242,2,2,0,2,-2.3246581197937193,-2.336295114643524,-2.3368957840847053,-2.273251840000004,-5.515995155339343,-7.558035714744459,0
243,2,2,0,3,-2.453898988324065,-2.4524301228114065,-2.4520921792325017,-2.4510223970102794,-6.409966419380612,-6.582537942847822,0
244,2,2,1,0,-2.470653407006738,-2.470612673536745,-2.4706127116179837,-2.471350666805099,-7.35543531048349,-8.191982895909259,3
245,2,2,1,1,0.0,0.0,0.0,0.0,0.0,0.0,1
246,2,2,1,2,-2.470992148169738,-2.47061173350458,-2.47061181577406,-2.4724636738330776,-5.026295740504366,-7.176845517600824,0
247,2,2,1,3,-2.380109653547562,-2.366373450888958,-2.3639511040000043,-2.369920214497706,-6.089676463731229,-6.347497697480149,0
248,2,2,2,0,-2.3420031977287565,-2.3398749772219123,-2.3412075199565985,-2.273251840000004,-6.507625193304557,-3.5425904434525215,0
249,2,2,2,1,-2.4729341231288497,-2.4722233212508216,-2.473883362528196,-2.470613438464005,-8.415091816569962,-7.939967855920836,3
250,2,2,2,2,0.0,0.0,0.0,0.0,0.0,0.0,1
251,2,2,2,3,-2.4552299432505524,-2.4570882873782582,-2.4591147247381153,-2.4510223974400045,-6.972742218668265,-6.931187977449408,3
252,2,2,3,0,-2.4272650464386105,-2.425358898836952,-2.4183706624000045,-2.4246249803327906,-6.514346085613489,-3.637013151150629,0
253,2,2,3,1,-2.3295072772565852,-2.335510778764939,-2.273251840000004,-2.338703901282558,-5.604448998655647,-6.137727111597797,0
254,2,2,3,2,-2.427934693916068,-2.4266142102803325,-2.4183706624000045,-2.4310276353447815,-6.846029846546494,-6.436670365187231,0
255,2,2,3,3,0.0,0.0,0.0,0.0,0.0,0.0,1
256,2,2,4,0,-1.3949663312644962,-1.4341926865295025,-1.3451646778841788,0.41599999999999304,-4.079849420546805,-6.473566318965547,4
257,2,2,4,1,-1.1761352821078066,-1.0804967791692723,0.41599999999999304,-1.10234737607898,-3.3713584000000014,-3.4008100000000008,4
258,2,2,4,2,-1.3466450368645604,-1.4306020575463312,-1.4200351259155715,0.41599999999999304,-5.210343714400001,-5.658283525774496,4
259,2,2,4,3,-0.9760555615490146,-0.8456843190265022,2.3599999999999888,-0.8061977171924757,-1.0,-1.0,1
260,2,3,0,0,0.0,0.0,0.0,0.0,0.0,0.0,1
261,2,3,0,1,-2.483775364336798,-2.483658161129929,-2.482495678824368,-2.4823680597330675,-7.744451274136174,-6.183733925221723,3
262,2,3,0,2,-2.3896602020800204,-2.390749794923158,-2.3907169702810327,-2.363951104100649,-4.207817582416412,-4.355867193312479,4
263,2,3,0,3,-2.4708793776767908,-2.470647263153915,-2.4712296423629363,-2.470613436801123,-6.272231501329723,-5.759716791952626,0
264,2,3,1,0,-2.4532219629587,-2.4510219799280444,-2.4510219940793276,-2.4536162280082183,-6.054288898133184,-6.002863707433588,0
265,2,3,1,1,0.0,0.0,0.0,0.0,0.0,0.0,1
266,2,3,1,2,-2.4511785797345262,-2.4510213670444125,-2.4510213108059484,-2.4540794416010097,-8.05457301854864,-6.9143048677164005,3
267,2,3,1,3,-2.2932552867534444,-2.273251840000004,-2.286088535421521,-2.291232642096082,-9.639556933313814,-6.969990442879484,3
268,2,3,2,0,-2.389536927215507,-2.3912028448566467,-2.3923616035330264,-2.36395110400826,-4.801711515897774,-3.5124369590583178,4
269,2,3,2,1,-2.482984622329237,-2.4838608880868147,-2.482856860105642,-2.4823680630778546,-7.67603681236767,-3.598086625433839,0
270,2,3,2,2,0.0,0.0,0.0,0.0,0.0,0.0,1
271,2,3,2,3,-2.4724780327584317,-2.471903251811984,-2.473055549817186,-2.4706134384736993,-8.588211436825324,-9.510099163616847,3
272,2,3,3,0,-2.3639511040000043,-2.3944851179714153,-2.3831766900651914,-2.3848785438119173,-7.7282295533089735,-8.740204629750822,3
273,2,3,3,1,-2.1220864000000033,-2.2472615556446054,-2.2352323591841694,-2.2589941119623744,-5.526151305607086,-7.952122863699919,0
274,2,3,3,2,-2.3639511040000043,-2.395058647999943,-2.392089973390983,-2.399331305849309,-7.011371381463009,-8.544474069566814,3
275,2,3,3,3,0.0,0.0,0.0,0.0,0.0,0.0,1
276,2,3,4,0,-1.6819549071358362,-1.698374089169933,-1.7202678927666053,-0.7504000000000046,-3.5294056000000005,-4.845513147898677,4
277,2,3,4,1,-0.6931522773777228,0.14283978216237414,2.3599999999999888,-0.6703245136965453,-6.496739164541285,-4.553551456000004,4
278,2,3,4,2,-1.6679116278287247,-1.6621369816730684,-1.6151326999023599,-0.7504000000000046,-5.906135334258391,-5.951322776203598,0
279,2,3,4,3,5.599999999999985,-0.13808303050515874,-0.6623956387601068,-0.2343010467130738,-2.071600000000002,-3.545716139394295,1
280,2,4,0,0,0.0,0.0,0.0,0.0,0.0,0.0,1
281,2,4,0,1,-2.489783922759353,-2.4898696100519726,-2.489651126316577,-2.489381564046713,-8.070061473150977,-6.156525264503084,3
282,2,4,0,2,-2.421191824685742,-2.4230045086470917,-2.4205565351465586,-2.418360788596958,-6.139626225838164,-4.2904322218958235,0
283,2,4,0,3,-2.4831515503075607,-2.4823231135066175,-2.482709582534539,-2.4823180671873866,-2.8449195492224444,-3.6801079058329216,4
284,2,4,1,0,-2.4207735695235044,-2.4183706624037047,-2.4233073264985423,-2.422577381453774,-8.03534431670835,-6.1099142268827675,3
285,2,4,1,1,0.0,0.0,0.0,0.0,0.0,0.0,1
286,2,4,1,2,-2.4288655152376712,-2.418370662399511,-2.4213671583377394,-2.4186941063555176,-6.963815229785841,-6.6192525417134425,0
287,2,4,1,3,-2.2292343684292595,-2.1220869595381826,-2.239058419502377,-2.2226698371719413,-4.318148510974769,-7.469696854896294,0
288,2,4,2,0,-2.4219491017297283,-2.4183719695366817,-2.418774420115918,-2.4183700197270817,-7.754703606197623,-6.291073463712792,3
289,2,4,2,1,-2.4900082991565,-2.4898732133539307,-2.489559509711727,-2.489414817457291,-4.310384970477223,-8.850862703437798,0
290,2,4,2,2,0.0,0.0,0.0,0.0,0.0,0.0,1
291,2,4,2,3,-2.4829833219588298,-2.482557113771631,-2.482380415180425,-2.482357957423827,-7.987169103434608,-4.913900957208776,0
292,2,4,3,0,-2.416026446783561,-2.4173783558863664,-2.4182924841293865,-2.4160335205063452,-6.951016766939019,-6.792618434266812,3
293,2,4,3,1,-2.2726577549140674,-2.273303207813442,-2.272710033571651,-2.2725922489286097,-6.242293480408,-5.941495641622654,0
294,2,4,3,2,-2.4172179123211546,-2.4201550249699344,-2.4196031980858974,-2.417308161988618,-6.436306883939846,-5.878065572029097,0
295,2,4,3,3,0.0,0.0,0.0,0.0,0.0,0.0,1
296,2,4,4,0,-1.8357901308977722,-1.8640998271259248,-1.8366827294688524,-1.7332390701226648,-3.439,-4.13740564,4
297,2,4,4,1,-0.5250048910326619,5.599999999999985,0.5096088857359969,-0.3018735513030413,-2.071600000000002,-2.5284400000000025,1
298,2,4,4,2,-1.8175088887242064,-1.7943711648063616,-1.794284415594777,-1.6894220094764332,-3.5175313649536,-3.5774164377083304,4
299,2,4,4,3,-0.661948933763298,-0.6853367821992513,-0.6213813047296001,1.1184794362337096,-2.71,-2.73166,4
300,3,0,0,0,0.0,0.0,0.0,0.0,0.0,0.0,1
301,3,0,0,1,-2.45305175935251,-2.450866444754142,-2.45191947283129,-2.450949187541299,-8.414551035505173,-8.26044375731737,3
302,3,0,0,2,-2.187601190539634,-2.1231192706137034,-2.1964608691710437,-2.1860812789101276,-6.050743146767274,-7.44426051222068,0
303,3,0,0,3,-2.4206471520944897,-2.4181583734699252,-2.418389969661752,-2.4211522377143226,-6.053068591309405,-8.192783350951228,3
304,3,0,1,0,-2.4935692906759375,-2.493535662272726,-2.493677528136404,-2.4937578219314456,-8.622081359218422,-7.592206804612435,3
305,3,0,1,1,0.0,0.0,0.0,0.0,0.0,0.0,1
306,3,0,1,2,-2.4937525333360333,-2.4935360795745907,-2.4937721596576847,-2.49368602179782,-7.671855364039285,-7.639170576086359,3
307,3,0,1,3,-2.4707121836784793,-2.4705192475609885,-2.4706205065735856,-2.4711598121215794,-6.481985082719114,-7.070857468768033,0
308,3,0,2,0,-1.4502400000000035,-1.9410863897020432,-1.9327368188429312,-1.9313517111823408,-6.382489861807398,-6.3317397524736965,0
309,3,0,2,1,-2.3639511040000043,-2.375954160900384,-2.3776638275426576,-2.3814553317367753,-7.691934269873094,-7.320717841412294,3
310,3,0,2,2,0.0,0.0,0.0,0.0,0.0,0.0,1
311,3,0,2,3,-2.273251840000004,-2.3293149796077945,-2.3211276965480403,-2.3222949555640464,-5.52501118024737,-5.1476893386463,0
312,3,0,3,0,-2.482821012836466,-2.4822889806799084,-2.482751142449147,-2.4826110875134475,-8.068800388774903,-7.556553114913949,3
313,3,0,3,1,-2.452759964778981,-2.4509797051104645,-2.452609189341438,-2.45195034127355,-6.498654738662206,-8.604717648769512,3
314,3,0,3,2,-2.4831030428341463,-2.482257622534935,-2.4828464606116825,-2.482606446181247,-7.326675131424116,-9.33511087441292,3
315,3,0,3,3,0.0,0.0,0.0,0.0,0.0,0.0,1
316,3,0,4,0,-0.9036651171461357,2.3599999999999888,-0.8335900725473445,-0.7124828206862572,-1.7584000000000009,-3.37258704107346,1
317,3,0,4,1,-2.0028834344754984,-1.870144000000003,-2.018439388530619,-2.0310462457247134,-2.824,-6.003778158330646,4
318,3,0,4,2,10.999999999999982,0.04945879999999908,1.3785552214114416,1.3747159999999972,-2.1898600000000026,-2.944955769514004,1
319,3,0,4,3,-1.9284624067416092,-1.4502400000000035,-1.8438116667228623,-1.8386407896688874,-6.513724423105776,-4.36310016995137,0
320,3,1,0,0,0.0,0.0,0.0,0.0,0.0,0.0,1
321,3,1,0,1,-2.4720616182277455,-2.4706093232613657,-2.47199251165391,-2.471646555465681,-8.025012633106755,-5.369585840964217,0
322,3,1,0,2,-2.3030975470248034,-2.2732537982310337,-2.3006000995282854,-2.308380899208946,-6.321253119333609,-6.478083121823983,0
323,3,1,0,3,-2.454118065552107,-2.4510212228023582,-2.452342404107236,-2.4521951106561275,-7.017559961538614,-4.949258857754394,0
324,3,1,1,0,-2.4889617221176503,-2.4884783542387074,-2.4883839383371122,-2.4889451497901622,-7.828956227668876,-9.158283475695503,3
325,3,1,1,1,0.0,0.0,0.0,0.0,0.0,0.0,1
326,3,1,1,2,-2.487506978496272,-2.4876792553878686,-2.4875726600199624,-2.4875763226737537,-6.57683117779668,-8.210770960739161,3
327,3,1,1,3,-2.449284898553798,-2.4482326711367737,-2.4484288711343987,-2.4499438507871143,-6.5029783034129265,-6.63976739122816,0
328,3,1,2,0,-2.315540647983364,-2.2732566073841647,-2.315042691946845,-2.3158382844622074,-4.919806859004431,-4.801597119995257,0
329,3,1,2,1,-2.471135260019578,-2.4706130734811675,-2.4708587258064205,-2.4724360515707633,-7.998517910417266,-7.230344662143499,3
330,3,1,2,2,0.0,0.0,0.0,0.0,0.0,0.0,1
331,3,1,2,3,-2.453137948079149,-2.4510223572123633,-2.4526980214311114,-2.4563822496828522,-7.522317871075234,-5.36786168382247,0
332,3,1,3,0,-2.468791183299733,-2.4681748112972883,-2.4683175212374353,-2.468482504361617,-6.394736848226116,-7.623549659941742,3
333,3,1,3,1,-2.4165477268022824,-2.4163655174458802,-2.416405703609718,-2.4178112293642418,-8.363227424943345,-8.583123810511271,3
334,3,1,3,2,-2.4698887792733832,-2.469414449975289,-2.4695194532536195,-2.4704690769442066,-8.367539668294075,-6.186007903389472,3
335,3,1,3,3,0.0,0.0,0.0,0.0,0.0,0.0,1
336,3,1,4,0,-0.9783946181521483,-0.37504071338854766,-1.0582552516630126,-0.9679762944370849,-3.4775497887999998,-4.164195245481324,4
337,3,1,4,1,-1.379304013613366,-1.366886012803468,-1.3806833085109982,-1.3924478960328424,-4.73448868,-3.5110430757479683,4
338,3,1,4,2,-1.0540789103150758,-0.6367064117178709,-1.0911547437050269,-1.0851732178445197,-1.91662,-4.134278368494907,4
339,3,1,4,3,-1.107732868710082,-1.0719843625550958,-1.0990555360142933,-1.088316719112216,-1.9060000000000001,-4.157421883646098,4
340,3,2,0,0,0.0,0.0,0.0,0.0,0.0,0.0,1
341,3,2,0,1,-2.4803605231118873,-2.480256264507603,-2.4801000446019916,-2.480128509395751,-8.87610393529227,-8.975364964162651,3
342,3,2,0,2,-2.361349766233002,-2.3599315929999,-2.3612384088070653,-2.359683171819912,-5.049535529204611,-7.267224223908959,0
343,3,2,0,3,-2.4700618881821557,-2.4690906502009775,-2.4692201242608247,-2.4692284496174826,-4.2148513956303715,-7.150694567331115,0
344,3,2,1,0,-2.4830332058567386,-2.4823615052611077,-2.48242565107617,-2.4829579285077616,-8.565230130092973,-8.561569052405083,3
345,3,2,1,1,0.0,0.0,0.0,0.0,0.0,0.0,1
346,3,2,1,2,-2.4830587583526906,-2.4823514393996096,-2.4826623323058254,-2.4826145879690342,-8.046954961002278,-6.544463396356531,3
347,3,2,1,3,-2.41899714768535,-2.418369991055532,-2.4209422672335337,-2.4185022775317573,-8.7468216288436,-7.344330466325444,3
348,3,2,2,0,-2.3678725704228762,-2.360326306876191,-2.361433832633901,-2.3604726228356636,-4.243789364044192,-6.4589402287499205,0
349,3,2,2,1,-2.481406499021602,-2.481332274613128,-2.481770246554725,-2.4814299440637235,-7.63609181435225,-8.975643242444,3
350,3,2,2,2,0.0,0.0,0.0,0.0,0.0,0.0,1
351,3,2,2,3,-2.4685358161565354,-2.468733877188662,-2.468755339343889,-2.468666231303432,-7.959799639283801,-6.397356383635682,3
352,3,2,3,0,-2.4565099066759877,-2.451021365441318,-2.4520848357456906,-2.4521540335233465,-7.446080913572991,-8.014891375222152,3
353,3,2,3,1,-2.3774794609449503,-2.3639528524186564,-2.376159208895609,-2.3758827658949775,-4.94547600536629,-7.272884808191106,0
354,3,2,3,2,-2.4540616082795617,-2.451021363694626,-2.4517161144387547,-2.4523872943099834,-5.98473555955128,-8.442530831998134,3
355,3,2,3,3,0.0,0.0,0.0,0.0,0.0,0.0,1
356,3,2,4,0,-1.191362844434824,-1.1038580549684762,-1.1888991528754707,-1.155729192944352,-4.224215888415231,-4.745587571440001,4
357,3,2,4,1,-1.250075698349207,-1.093165271597294,-1.2381462785215165,-1.2378870927594199,-2.7425175999999998,-2.805808636887506,4
358,3,2,4,2,-1.1549267640741805,-1.0680228971314232,-1.1795913257744346,-1.1586243523355881,-2.7786945041165936,-5.346903359464001,4
359,3,2,4,3,-0.9350526991367016,-0.4653230185887989,-0.9897551360003042,-0.9797627392555766,-1.0,-1.0,1
360,3,3,0,0,0.0,0.0,0.0,0.0,0.0,0.0,1
361,3,3,0,1,-2.489592579672177,-2.4894184165644937,-2.4894716134416073,-2.4897675248046376,-8.633242564597259,-5.944553810110292,3
362,3,3,0,2,-2.420258530276905,-2.418370358747417,-2.420560735580477,-2.418883572754109,-3.716045403893341,-7.52370172121915,0
363,3,3,0,3,-2.482772328812069,-2.482359529278199,-2.48278572204646,-2.4827879499637873,-5.421541887447813,-4.7563789417216,0
364,3,3,1,0,-2.4691788689691103,-2.4680904283251315,-2.4678865173086137,-2.46823491808408,-9.124111743222693,-8.657286911826102,3
365,3,3,1,1,0.0,0.0,0.0,0.0,0.0,0.0,1
366,3,3,1,2,-2.469116955772175,-2.468171984951975,-2.468251636518185,-2.468948095499261,-7.236181655664116,-6.806647266447359,3
367,3,3,1,3,-2.3648292541442584,-2.360348335268611,-2.3600249265150923,-2.361564117322094,-6.422431385039534,-8.557189047684846,3
368,3,3,2,0,-2.4194330431030915,-2.418371647971478,-2.4212707442558554,-2.4210763325165887,-2.847262461095484,-3.6277922018958204,4
369,3,3,2,1,-2.4899212212893183,-2.4894200492732743,-2.489504289233648,-2.489801914335564,-8.958048280692244,-9.301901696372727,3
370,3,3,2,2,0.0,0.0,0.0,0.0,0.0,0.0,1
371,3,3,2,3,-2.482763806389007,-2.482365141383751,-2.4823911527777445,-2.482691226569125,-9.088948728042235,-7.441845194062552,3
372,3,3,3,0,-2.273251840000004,-2.320766379537621,-2.3221446283874783,-2.3143865512416912,-6.372300004542987,-7.590596358454153,3
373,3,3,3,1,-1.870144000000003,-2.1675617078788427,-2.1077221095430345,-2.0953173189969907,-6.431037161676879,-8.443600582486242,3
374,3,3,3,2,-2.273251840000004,-2.337730960396531,-2.333199451415814,-2.3272833744984487,-8.144614074851116,-4.251519687543902,0
375,3,3,3,3,0.0,0.0,0.0,0.0,0.0,0.0,1
376,3,3,4,0,-1.9163215194024135,-1.4502400000000035,-1.8782499359138147,-1.8769126446726554,-5.542474258821244,-7.544576659580566,0
377,3,3,4,1,-1.2535535759075598,0.41599999999999304,-1.0377677410112678,-1.0642429982110604,-5.730522335690842,-4.206481265701564,4
378,3,3,4,2,-1.8737983468337844,-1.4502400000000035,-1.8674175338236767,-1.8459505838366885,-5.566999930158041,-3.6079966431095674,4
379,3,3,4,3,10.999999999999982,0.615881004331337,0.020977773367477595,2.5034316765592686,-2.7721008804860534,-2.8528126000000023,1
380,3,4,0,0,0.0,0.0,0.0,0.0,0.0,0.0,1
381,3,4,0,1,-2.492928161645091,-2.492994279744037,-2.493161833315673,-2.4929708356424634,-8.082455054450124,-7.844402235782311,3
382,3,4,0,2,-2.4454073289946647,-2.4454728049371606,-2.445987944958132,-2.445198418825663,-8.03970268099146,-7.734792243622497,3
383,3,4,0,3,-2.488913530204591,-2.4883598380156235,-2.488532959553015,-2.488377848756746,-6.488681889032896,-6.354023061821339,0
384,3,4,1,0,-2.4524457933025925,-2.451018617837338,-2.4516363849520317,-2.451467257977777,-6.561222322803776,-5.525330832196248,0
385,3,4,1,1,0.0,0.0,0.0,0.0,0.0,0.0,1
386,3,4,1,2,-2.451500797818192,-2.4510212063138574,-2.451233083082363,-2.453116622107861,-7.681822818713124,-7.607575913172774,3
387,3,4,1,3,-2.304900063458366,-2.2732753465127122,-2.3010334206341696,-2.2984089223341573,-5.941258079169098,-6.473472721659454,0
388,3,4,2,0,-2.4509463684812123,-2.448487745853748,-2.449894061979686,-2.4486715788252633,-6.406024626554821,-4.184560370320473,0
389,3,4,2,1,-2.4930616915757167,-2.492861862513162,-2.4929626760958867,-2.4929156352393567,-4.943260024891658,-8.807951710319633,3
390,3,4,2,2,0.0,0.0,0.0,0.0,0.0,0.0,1
391,3,4,2,3,-2.4886570092638807,-2.4883350667469135,-2.4884533508580122,-2.488260265000153,-6.416390355743043,-5.9751349907489075,0
392,3,4,3,0,-2.3632876764241653,-2.3683286729099935,-2.363469974162813,-2.363321021562741,-6.764911280123434,-6.008068117971732,0
393,3,4,3,1,-2.163622127665075,-2.166485600281361,-2.166791364511365,-2.1223195966201636,-6.27277580113604,-4.195792812813594,0
394,3,4,3,2,-2.363786380743437,-2.3698280173324378,-2.3672159485255486,-2.36376131780327,-5.327481450771655,-7.314717842072411,0
395,3,4,3,3,0.0,0.0,0.0,0.0,0.0,0.0,1
396,3,4,4,0,-1.9232920560859625,-1.8996803647185452,-1.8994313332064545,-1.9171667724137924,-4.202522257627975,-5.317817629984001,4
397,3,4,4,1,-0.8849800657175888,1.183711087063165,-0.9617670518777228,-0.9201594469626198,-2.7214,-3.5209540028306474,4
398,3,4,4,2,-1.921274829453682,-1.9001469008537453,-1.8942475484390804,-1.8915173241379228,-3.521052612658135,-2.8282711525016486,4
399,3,4,4,3,-0.27358000000000005,-0.29302,-0.28816,3.2773474289888824,-1.0,-1.0,1
400,4,0,0,0,0.0,0.0,0.0,0.0,0.0,0.0,1
401,4,0,0,1,-2.4678665800234745,-2.4679301987063376,-2.4687826280428067,-2.467951229244067,-7.816067582228024,-8.902636866169376,3
402,4,0,0,2,-2.2807480366968678,-2.2754988023122023,-2.2830404847776533,-2.278198090438073,-7.943394447995542,-5.371779185075445,0
403,4,0,0,3,-2.4478142543377324,-2.4468035202170597,-2.448212270980071,-2.447890798630865,-4.868374065855106,-6.400710758945581,0
404,4,0,1,0,-2.495755953915221,-2.495681541717121,-2.495675740380145,-2.495682778754999,-8.221410140774234,-9.700823987536168,3
405,4,0,1,1,0.0,0.0,0.0,0.0,0.0,0.0,1
406,4,0,1,2,-2.495510318661562,-2.495479846452125,-2.495440433742277,-2.495575719459448,-3.5680549407319715,-6.019242909918822,0
407,4,0,1,3,-2.481850796871845,-2.481429486073048,-2.481970227064826,-2.4816506732797396,-6.961138863537671,-7.43156360611596,3
408,4,0,2,0,-1.6689780409588013,-1.7145041726985046,-1.6271896972054074,-1.6245581185622677,-0.7504000000000046,-2.769179764811612,4
409,4,0,2,1,-2.308172714752733,-2.2997484723079546,-2.299563068337615,-2.322440196943958,-2.273251840000004,-8.537850124749601,0
410,4,0,2,2,0.0,0.0,0.0,0.0,0.0,0.0,1
411,4,0,2,3,-2.222679698173616,-2.232766277560586,-2.2347773933629007,-2.227567695971063,-2.1220864000000033,-6.649500516559455,4
412,4,0,3,0,-2.4888493762218573,-2.4885918291197417,-2.488681178245129,-2.488564209884026,-7.3916667452780125,-8.170990460541141,3
413,4,0,3,1,-2.470103221323189,-2.4692067477519277,-2.469316656968454,-2.469881054080328,-8.726326236785724,-8.873029897239254,3
414,4,0,3,2,-2.4885046365628396,-2.4884616010559397,-2.488679666895193,-2.488546749905462,-6.816767969326785,-8.710693139174246,3
415,4,0,3,3,0.0,0.0,0.0,0.0,0.0,0.0,1
416,4,0,4,0,-1.2382835232207814,0.41599999999999304,-1.300991661568447,-1.1959083374009158,-3.4397599451200005,-1.3231109611858758,4
417,4,0,4,1,-2.18856875695381,-2.1220864000000033,-2.202137333247288,-2.186184597045211,-5.058481495713465,-2.2425927296547825,4
418,4,0,4,2,2.1207799127003057,1.347346116517298,2.0089999999999986,4.791557230610206,-0.8431000002391094,19.999999999999986,2
419,4,0,4,3,-2.0881381228219498,-1.870144000000003,-2.081736130768838,-2.0720041640253433,-5.52111064828633,-2.093151107397383,4
420,4,1,0,0,0.0,0.0,0.0,0.0,0.0,0.0,1
421,4,1,0,1,-2.4819552412919426,-2.48181781973671,-2.4820390960605723,-2.481831129799936,-8.514427481435943,-8.212869697969255,3
422,4,1,0,2,-2.3670262919490943,-2.3633350127366426,-2.3705982288042993,-2.3681383595883427,-7.56808386560906,-7.441658876987004,3
423,4,1,0,3,-2.4715616729924474,-2.4704076099020065,-2.4707277282407487,-2.4706253404473513,-3.6920892280692694,-2.76136535509504,4
424,4,1,1,0,-2.491237440454394,-2.4911174028712555,-2.491332263236679,-2.4913532875826077,-8.19344577619878,-7.9591708861801775,3
425,4,1,1,1,0.0,0.0,0.0,0.0,0.0,0.0,1
426,4,1,1,2,-2.490921837317084,-2.4907664389026136,-2.4908241363898234,-2.4908684887716777,-8.687793426687469,-5.4619014503830865,3
427,4,1,1,3,-2.462969819375541,-2.461681663160466,-2.462508042337794,-2.4621202304224146,-8.437238815731346,-8.63279124094924,3
428,4,1,2,0,-2.3641081117254776,-2.3638752510845786,-2.3661345073639914,-2.3643165912856174,-6.2317007139616,-5.852877341308962,0
429,4,1,2,1,-2.4825190214489767,-2.4821759917303097,-2.4825825201488976,-2.482548558008058,-4.263237948487962,-4.388521465985541,4
430,4,1,2,2,0.0,0.0,0.0,0.0,0.0,0.0,1
431,4,1,2,3,-2.471585770881946,-2.4705002737359743,-2.4710373678946387,-2.47149968773147,-6.867185948993304,-7.820003686533677,3
432,4,1,3,0,-2.4746610176205017,-2.474855979352764,-2.4743668615579324,-2.475040115948725,-9.121445250089609,-8.353885334976754,3
433,4,1,3,1,-2.438774891917197,-2.43935158726374,-2.4398728461901475,-2.4400855343187833,-6.358798735564034,-6.8419860589405745,0
434,4,1,3,2,-2.4766925871631833,-2.4762367357341235,-2.4767799219846935,-2.476574877906269,-8.308858508215845,-5.565110027124534,3
435,4,1,3,3,0.0,0.0,0.0,0.0,0.0,0.0,1
436,4,1,4,0,-1.0256671464252474,-1.0529657737768596,-1.0497361799448064,-1.0220770501908933,-2.7572385667840003,-1.9060000000000001,4
437,4,1,4,1,-1.2920902220773238,-1.3379741448532163,-1.2940691985362651,-1.297869244020448,-5.273061496,-2.7422805667840002,4
438,4,1,4,2,-1.0846404605682374,-1.0812090751528394,-1.110560363866829,-1.0816167303766129,-4.161068290640527,-2.779822219865114,4
439,4,1,4,3,-1.081161311055561,-1.0874911062089119,-1.0613460098761223,-1.0294965824085585,-2.7523576960000002,-4.164848427198976,4
440,4,2,0,0,0.0,0.0,0.0,0.0,0.0,0.0,1
441,4,2,0,1,-2.4851889832105183,-2.4848197144806594,-2.48480349957583,-2.4851762618623416,-7.813332117575021,-8.83858316690965,3
442,4,2,0,2,-2.4038465361808297,-2.4015250753103876,-2.403026400991627,-2.4008356647536413,-4.953530262396895,-4.908845709795608,0
443,4,2,0,3,-2.4778467392472727,-2.478042872823908,-2.477929943752326,-2.477862426212726,-5.929641075334495,-7.225641341738533,0
444,4,2,1,0,-2.48979209909242,-2.4891897902897373,-2.4894686005350795,-2.489456175395902,-6.3145312995546234,-6.970270513639242,0
445,4,2,1,1,0.0,0.0,0.0,0.0,0.0,0.0,1
446,4,2,1,2,-2.489392344382262,-2.489026643492446,-2.489007427266351,-2.4894568560427266,-8.836871042182436,-6.3616399215019905,3
447,4,2,1,3,-2.4508452106100633,-2.450498997426343,-2.4519363335009925,-2.452552814754108,-8.237963354308938,-6.41869584476925,3
448,4,2,2,0,-2.4022817047413887,-2.4004532525442914,-2.402995887004981,-2.4019857190291685,-7.0951690245057,-4.742780761968351,0
449,4,2,2,1,-2.486480077608461,-2.4866830581335906,-2.486790769133933,-2.486629335661801,-5.455265191691605,-5.345401194399693,0
450,4,2,2,2,0.0,0.0,0.0,0.0,0.0,0.0,1
451,4,2,2,3,-2.4778952111585095,-2.47786563854239,-2.4777371687909273,-2.4780141208455144,-4.355476211144462,-8.039188261002948,0
452,4,2,3,0,-2.470756626068133,-2.470147855874982,-2.4703836659890412,-2.470377201346017,-8.742782931321894,-6.9649891295794015,3
453,4,2,3,1,-2.4193923538440636,-2.418028594100114,-2.418417286276181,-2.422104417645006,-7.699348495094759,-8.176983997746209,3
454,4,2,3,2,-2.470540653719736,-2.4703459845013263,-2.470338668318821,-2.47037861756903,-6.138455182857045,-7.941879273728198,3
455,4,2,3,3,0.0,0.0,0.0,0.0,0.0,0.0,1
456,4,2,4,0,-1.0846404605682374,-1.1138994684221715,-1.0880869529532176,-1.1159793483337268,-2.764014788178727,-1.9,4
457,4,2,4,1,-1.2445194741424495,-1.2855401519066327,-1.2477804625213,-1.2604981568944622,-1.96,-2.75804388503584,4
458,4,2,4,2,-1.141254842145508,-1.153955517209624,-1.141254842145508,-1.1217231435643455,-2.7214,-3.4668196,4
459,4,2,4,3,-0.9604969272821805,-0.9711416464942297,-0.9675088339899034,-1.008576357275609,-2.73202,-4.198602002218847,4
460,4,3,0,0,0.0,0.0,0.0,0.0,0.0,0.0,1
461,4,3,0,1,-2.49348526378214,-2.493409308224923,-2.493663970697551,-2.493462414561103,-8.257227385792017,-5.487508293572284,3
462,4,3,0,2,-2.4499137712005594,-2.4497864159733256,-2.4498857202061433,-2.451640334559388,-6.573691291810274,-4.883941502179501,0
463,4,3,0,3,-2.4889679849849196,-2.4889711971359225,-2.4892791771733065,-2.4891734871811373,-5.499322444350846,-4.808296287475975,0
464,4,3,1,0,-2.4772608503594933,-2.4764068795988914,-2.4769189558120126,-2.476761223774728,-6.325014401913655,-2.873768157373166,0
465,4,3,1,1,0.0,0.0,0.0,0.0,0.0,0.0,1
466,4,3,1,2,-2.4768609844072005,-2.4764844830977215,-2.4760561530744263,-2.4761089802183798,-6.175136263705077,-4.8571031941821285,0
467,4,3,1,3,-2.4001357492982165,-2.400459728749563,-2.4007306945053686,-2.399493759142456,-7.482170120679199,-7.6864003749099625,3
468,4,3,2,0,-2.45223179115862,-2.4504946968624295,-2.4516957672203885,-2.4518486513495357,-8.208329354475675,-6.508673215977864,3
469,4,3,2,1,-2.4934429720798286,-2.4934241700172213,-2.493441276229052,-2.4935231138240184,-7.680594603991466,-2.8574507193892114,0
470,4,3,2,2,0.0,0.0,0.0,0.0,0.0,0.0,1
471,4,3,2,3,-2.489357503982864,-2.489041234900377,-2.4892988850829525,-2.489141037319678,-5.4323817303648205,-6.512704259976916,0
472,4,3,3,0,-2.2193733224482703,-2.2270585700899206,-2.2225449572873512,-2.2242863356329208,-2.1220864000000033,-7.734656655584778,0
473,4,3,3,1,-1.908392196779052,-1.9346098075129525,-1.912127242606663,-1.894728319653176,-1.4502400000000035,-7.175300141620249,4
474,4,3,3,2,-2.223798110155233,-2.2297887340825624,-2.229108874405222,-2.2267674942723246,-2.1220864000000033,-8.231865347826636,0
475,4,3,3,3,0.0,0.0,0.0,0.0,0.0,0.0,1
476,4,3,4,0,-2.0492814265319814,-1.870144000000003,-2.0534715340029415,-2.063718680625347,-5.541843118776329,-2.1031150686156446,4
477,4,3,4,1,-1.5402100429842878,-0.7504000000000046,-1.5734790925025153,-1.5072885877134494,-4.208467882559384,-1.6235600879489582,4
478,4,3,4,2,-2.0763777645367245,-1.870144000000003,-2.063396935672788,-2.0720646003935026,-5.50231344142119,-2.0836585506376553,4
479,4,3,4,3,1.9360999999999984,3.579059761179966,-0.1847637160000002,4.533574858069738,-0.8431000000000023,19.999999999999986,2
480,4,4,0,0,0.0,0.0,0.0,0.0,0.0,0.0,1
481,4,4,0,1,-2.4943884954539466,-2.494318170626679,-2.494210332308923,-2.4941908745691928,-7.585811726739261,-8.61837278163798,3
482,4,4,0,2,-2.4590841357478594,-2.4594228519751313,-2.4593444337507817,-2.45893527461611,-5.383041638560667,-7.175258046447148,0
483,4,4,0,3,-2.491379595566397,-2.491233233213904,-2.4914879634126494,-2.491422686374516,-4.265345030828402,-5.984861447335481,0
484,4,4,1,0,-2.4715497031638187,-2.4702266318001813,-2.47069727590104,-2.4713200685330055,-7.637790083150388,-6.461498180032055,3
485,4,4,1,1,0.0,0.0,0.0,0.0,0.0,0.0,1
486,4,4,1,2,-2.4705430231489633,-2.4703434763199783,-2.470608058475075,-2.470337755504792,-8.170540301774063,-8.039192602386047,3
487,4,4,1,3,-2.366144426947523,-2.363711495286717,-2.3668810389883785,-2.3652836013918974,-5.557970423106811,-4.274949395144441,0
488,4,4,2,0,-2.4626855528293223,-2.463248303875049,-2.4632457160916257,-2.462680586096995,-4.8824075875462345,-7.552120443862772,0
489,4,4,2,1,-2.494267761949071,-2.4942132048916092,-2.4942644414793955,-2.4943606482869796,-7.106670190658419,-7.337367555294641,3
490,4,4,2,2,0.0,0.0,0.0,0.0,0.0,0.0,1
491,4,4,2,3,-2.491254007368088,-2.4911718463401153,-2.4913033342476174,-2.4910202964444625,-6.552252493424283,-5.307222785562512,0
492,4,4,3,0,-2.29993461534261,-2.308514081425965,-2.2962651657025,-2.2733592070834567,-5.414019762543544,-5.513694572764122,0
493,4,4,3,1,-2.052369267942813,-2.0672484094713934,-2.0597270977896582,-1.8779783905314977,-5.7762261129762305,-5.4713189875114105,0
494,4,4,3,2,-2.299821379729632,-2.3040252778505423,-2.2989470936749927,-2.2733661300024917,-6.41956597406409,-7.116177811294701,0
495,4,4,3,3,0.0,0.0,0.0,0.0,0.0,0.0,1
496,4,4,4,0,-1.9840115998827388,-1.99587797126499,-1.990198234748307,-1.9807448261966936,-5.355531249242254,-4.7218336,0
497,4,4,4,1,-1.2455350810294714,-1.143056932480904,-1.2412773538234894,-1.2521922756865291,-4.779220192531128,-2.773210687433692,4
498,4,4,4,2,-2.0071916843103828,-1.9945179893324663,-1.9905843803827556,-2.014265047664132,-5.504390646864618,-3.604428993798128,4
499,4,4,4,3,-0.1,-0.1,-0.271,3.1807314199999976,-1.0,-1.9,1
